flujo,simulador,configuracion,run_id,sujeto,medida,frecuencia,modulo,fase,modulo_a,fase_a,modulo_b,fase_b,tiempo_pc_s,tiempo_hardware_s,method,modulo_golden,fase_golden,error_modulo_abs,error_fase_abs,error_modulo_pct
symphony_mixed,questa_symphony,5K_con_autoshunt_symphony_k_min,,0,0,1000.007614,0.0,-31.375,0.2,-14.0,14.9252,17.375,992.954,0.006501096,Correlation (Subject 0),16591.925144,-31.338939,16591.925144,0.03606100000000012,100.0
symphony_mixed,questa_symphony,5K_con_autoshunt_symphony_k_min,,0,0,1258.91529,0.0,101.5,0.2,115.49999999999999,12.0832,14.0,1742.302,0.011267112,Correlation (Subject 0),16808.097869,-19.39694,16808.097869,120.89694,100.0
symphony_mixed,questa_symphony,5K_con_autoshunt_symphony_k_min,,0,0,1584.907295,0.0,-6.125,0.2,4.5,9.7048,10.625,2347.862,0.015052824,Correlation (Subject 0),16212.634575,-23.77251,16212.634575,17.64751,100.0
symphony_mixed,questa_symphony,5K_con_autoshunt_symphony_k_min,,0,0,1995.271305,0.0,58.875,0.0,67.75,7.7724,8.875,2822.286,0.018059944,Correlation (Subject 0),15387.219147,-28.769067,15387.219147,87.644067,100.0
symphony_mixed,questa_symphony,5K_con_autoshunt_symphony_k_min,,0,0,2511.893399,0.0,-109.625,0.4,-102.5,6.2012,7.125000000000001,3199.034,0.020448584,Correlation (Subject 0),14305.38257,-34.237689,14305.38257,75.387311,100.0
symphony_mixed,questa_symphony,5K_con_autoshunt_symphony_k_min,,0,0,3162.276698,0.0,-62.0,0.2,-56.625,4.9392,5.375,3506.25,0.02234596,Correlation (Subject 0),12981.503469,-39.907261,12981.503469,22.092739,100.0
symphony_mixed,questa_symphony,5K_con_autoshunt_symphony_k_min,,0,0,3981.083864,0.0,16.875,0.2,21.375,3.9292,4.5,3769.455,0.023853088,Correlation (Subject 0),11481.202632,-45.414079,11481.202632,62.289079,99.99999999999999
symphony_mixed,questa_symphony,5K_con_autoshunt_symphony_k_min,,0,0,5011.883331,0.0,-42.625,0.2,-39.125,3.1252,3.5,3978.682,0.025050248,Correlation (Subject 0),9908.905379,-50.371383,9908.905379,7.746383000000002,100.0
symphony_mixed,questa_symphony,5K_con_autoshunt_symphony_k_min,,0,0,6309.564924,0.0,129.875,0.2,132.5,2.484,2.625,4154.351,0.026001192,Correlation (Subject 0),8376.051101,-54.44742,8376.051101,184.32242,100.0
symphony_mixed,questa_symphony,5K_con_autoshunt_symphony_k_min,,0,0,7943.279343,0.0,-20.75,0.2,-19.0,1.9736,1.75,4306.057,0.026756552,Correlation (Subject 0),6970.576774,-57.409198,6970.576774,36.659198,100.0
symphony_mixed,questa_symphony,5K_con_autoshunt_symphony_k_min,,0,0,9999.988833,0.0,26.375,0.0,27.25,1.5684,0.875,4427.309,0.02735656,Correlation (Subject 0),5743.420516,-59.12192600000001,5743.420516,85.496926,100.0
symphony_mixed,questa_symphony,5K_con_autoshunt_symphony_k_min,,1,0,1000.007614,0.0,-31.374459999999996,0.2,-14.0,14.932663,17.377339,992.954,0.006501096,Calibrated Correlation (Subject 1),16591.925144,-31.338939,16591.925144,0.035520999999995695,100.0
symphony_mixed,questa_symphony,5K_con_autoshunt_symphony_k_min,,1,0,1258.91529,0.0,101.50067999999999,0.2,115.49999999999999,12.089242,14.002944000000001,1742.302,0.011267112,Calibrated Correlation (Subject 1),16808.097869,-19.39694,16808.097869,120.89761999999999,100.0
symphony_mixed,questa_symphony,5K_con_autoshunt_symphony_k_min,,1,0,1584.907295,0.0,-6.124144,0.2,4.5,9.709652,10.628707,2347.862,0.015052824,Calibrated Correlation (Subject 1),16212.634575,-23.77251,16212.634575,17.648366,100.0
symphony_mixed,questa_symphony,5K_con_autoshunt_symphony_k_min,,1,0,1995.271305,0.0,58.876076999999995,0.0,0.0,7.776286,8.879667,2822.286,0.018059944,Calibrated Correlation (Subject 1),15387.219147,-28.769067,15387.219147,87.64514399999999,100.0
symphony_mixed,questa_symphony,5K_con_autoshunt_symphony_k_min,,1,0,2511.893399,0.0,-109.623644,0.4,-102.5,6.204301,7.130875,3199.034,0.020448584,Calibrated Correlation (Subject 1),14305.38257,-34.237689,14305.38257,75.385955,100.0
symphony_mixed,questa_symphony,5K_con_autoshunt_symphony_k_min,,1,0,3162.276698,0.0,-61.998292,0.2,-56.625,4.94167,5.382396,3506.25,0.02234596,Calibrated Correlation (Subject 1),12981.503469,-39.907261,12981.503469,22.091031,100.0
symphony_mixed,questa_symphony,5K_con_autoshunt_symphony_k_min,,1,0,3981.083864,0.0,16.87715,0.2,21.375,3.931165,4.509311,3769.455,0.023853088,Calibrated Correlation (Subject 1),11481.202632,-45.414079,11481.202632,62.291229,99.99999999999999
symphony_mixed,questa_symphony,5K_con_autoshunt_symphony_k_min,,1,0,5011.883331,0.0,-42.622294,0.2,-39.125,3.126763,3.511722,3978.682,0.025050248,Calibrated Correlation (Subject 1),9908.905379,-50.371383,9908.905379,7.749089000000005,100.0
symphony_mixed,questa_symphony,5K_con_autoshunt_symphony_k_min,,1,0,6309.564924,0.0,129.878407,0.2,132.5,2.485242,2.639757,4154.351,0.026001192,Calibrated Correlation (Subject 1),8376.051101,-54.44742,8376.051101,184.325827,100.0
symphony_mixed,questa_symphony,5K_con_autoshunt_symphony_k_min,,1,0,7943.279343,0.0,-20.745711,0.2,-19.0,1.974587,1.768578,4306.057,0.026756552,Calibrated Correlation (Subject 1),6970.576774,-57.409198,6970.576774,36.663487,100.0
symphony_mixed,questa_symphony,5K_con_autoshunt_symphony_k_min,,1,0,9999.988833,0.0,26.3804,0.0,0.0,1.569184,0.8983880000000001,4427.309,0.02735656,Calibrated Correlation (Subject 1),5743.420516,-59.12192600000001,5743.420516,85.50232600000001,100.0
