flujo,simulador,configuracion,run_id,sujeto,medida,frecuencia,modulo,fase,modulo_a,fase_a,modulo_b,fase_b,tiempo_pc_s,tiempo_hardware_s
nettype_rnm,questa,5K_con_autoshunt_nettype_k_min,,2,0,39.988663,19992.744065,-1.439216,0.000000,0.000000,0.000000,0.000000,0.000,0.000000020000
nettype_rnm,questa,5K_con_autoshunt_nettype_k_min,,2,0,50.349627,17997.884560,-0.815595,0.000000,0.000000,0.000000,0.000000,28.598,0.062517780000
nettype_rnm,questa,5K_con_autoshunt_nettype_k_min,,0,0,39.988663,18031.250000,-0.875000,15742499.000000,0.000000,872.944000,0.875000,28.599,0.062518864000
nettype_rnm,questa,5K_con_autoshunt_nettype_k_min,,1,0,39.988663,18031.250000,-0.874991,15743229.907488,0.000200,874.689888,0.875374,28.599,0.062518864000
nettype_rnm,questa,5K_con_autoshunt_nettype_k_min,,2,0,63.388143,17996.647421,-1.026749,0.000000,0.000000,0.000000,0.000000,46.826,0.102240028000
nettype_rnm,questa,5K_con_autoshunt_nettype_k_min,,0,0,50.349627,18031.250000,-0.875000,12577414.000000,0.000000,697.473500,0.875000,46.827,0.102241112000
nettype_rnm,questa,5K_con_autoshunt_nettype_k_min,,1,0,50.349627,18031.250000,-0.874994,12577987.680037,0.000248,698.868447,0.875470,46.827,0.102241112000
nettype_rnm,questa,5K_con_autoshunt_nettype_k_min,,2,0,79.802703,17994.687160,-1.292528,0.000000,0.000000,0.000000,0.000000,61.219,0.133791676000
nettype_rnm,questa,5K_con_autoshunt_nettype_k_min,,0,0,63.388143,18027.343750,-0.875000,10002271.000000,0.000000,554.719000,0.875000,61.220,0.133792760000
nettype_rnm,questa,5K_con_autoshunt_nettype_k_min,,1,0,63.388143,18027.343750,-0.874993,10002725.674080,0.000311,555.828438,0.875592,61.220,0.133792760000
nettype_rnm,questa,5K_con_autoshunt_nettype_k_min,,2,0,100.466423,17991.581782,-1.627005,0.000000,0.000000,0.000000,0.000000,72.614,0.158853484000
nettype_rnm,questa,5K_con_autoshunt_nettype_k_min,,0,0,79.802703,18023.437500,-0.875000,3975027.500000,0.000000,220.473000,0.875000,72.615,0.158854568000
nettype_rnm,questa,5K_con_autoshunt_nettype_k_min,,1,0,79.802703,18023.437500,-0.873419,3975747.491551,0.001561,220.913946,0.875745,72.615,0.158854568000
nettype_rnm,questa,5K_con_autoshunt_nettype_k_min,,2,0,126.485247,17986.662374,-2.047962,0.000000,0.000000,0.000000,0.000000,86.325,0.188714212000
nettype_rnm,questa,5K_con_autoshunt_nettype_k_min,,0,0,100.466423,18007.812500,-0.875000,6316818.000000,0.000000,350.775500,0.875000,86.326,0.188715296000
nettype_rnm,questa,5K_con_autoshunt_nettype_k_min,,1,0,100.466423,18007.812500,-0.872539,6317962.159331,0.001965,351.126276,0.875470,86.326,0.188715296000
nettype_rnm,questa,5K_con_autoshunt_nettype_k_min,,2,0,159.256160,17978.869642,-2.577757,0.000000,0.000000,0.000000,0.000000,97.157,0.212432404000
nettype_rnm,questa,5K_con_autoshunt_nettype_k_min,,0,0,126.485247,18000.000000,-0.875000,5018179.000000,0.000000,278.732000,0.875000,97.157,0.212433488000
nettype_rnm,questa,5K_con_autoshunt_nettype_k_min,,1,0,126.485247,18000.000000,-0.871900,5019087.940984,0.002473,279.010732,0.875591,97.157,0.212433488000
nettype_rnm,questa,5K_con_autoshunt_nettype_k_min,,2,0,200.467184,17966.553465,-3.243199,0.000000,0.000000,0.000000,0.000000,105.879,0.231269980000
nettype_rnm,questa,5K_con_autoshunt_nettype_k_min,,0,0,159.256160,17996.093750,-1.750000,3985286.500000,0.000000,221.449000,1.750000,105.879,0.231271064000
nettype_rnm,questa,5K_con_autoshunt_nettype_k_min,,1,0,159.256160,17996.093750,-1.746097,3986008.357206,0.003114,221.670449,1.750745,105.879,0.231271064000
nettype_rnm,questa,5K_con_autoshunt_nettype_k_min,,2,0,252.388418,17947.071315,-4.079984,0.000000,0.000000,0.000000,0.000000,112.773,0.246235028000
nettype_rnm,questa,5K_con_autoshunt_nettype_k_min,,0,0,200.467184,17980.468750,-2.625000,3165376.000000,-0.875000,176.013000,1.750000,112.773,0.246236112000
nettype_rnm,questa,5K_con_autoshunt_nettype_k_min,,1,0,200.467184,17980.468750,-2.620087,3165949.350970,-0.871080,176.189013,1.750937,112.773,0.246236112000
nettype_rnm,questa,5K_con_autoshunt_nettype_k_min,,2,0,317.726517,17916.336958,-5.129832,0.000000,0.000000,0.000000,0.000000,118.237,0.258121476000
nettype_rnm,questa,5K_con_autoshunt_nettype_k_min,,0,0,252.388418,17960.937500,-3.500000,2513443.500000,-0.875000,139.926000,2.625000,118.238,0.258122560000
nettype_rnm,questa,5K_con_autoshunt_nettype_k_min,,1,0,252.388418,17960.937500,-3.493816,2513898.770931,-0.870065,140.065926,2.626180,118.238,0.258122560000
nettype_rnm,questa,5K_con_autoshunt_nettype_k_min,,2,0,400.003046,17867.938484,-6.445567,0.000000,0.000000,0.000000,0.000000,122.699,0.267563564000
nettype_rnm,questa,5K_con_autoshunt_nettype_k_min,,0,0,317.726517,17929.687500,-3.500000,1995750.500000,-0.875000,111.292000,2.625000,122.700,0.267564648000
nettype_rnm,questa,5K_con_autoshunt_nettype_k_min,,1,0,317.726517,17929.687500,-3.492216,1996112.006265,-0.868787,111.403292,2.626485,122.700,0.267564648000
nettype_rnm,questa,5K_con_autoshunt_nettype_k_min,,2,0,503.583578,17792.033055,-8.089602,0.000000,0.000000,0.000000,0.000000,126.125,0.275063508000
nettype_rnm,questa,5K_con_autoshunt_nettype_k_min,,0,0,400.003046,17882.812500,-5.250000,1584344.000000,-1.750000,88.577000,3.500000,126.126,0.275064592000
nettype_rnm,questa,5K_con_autoshunt_nettype_k_min,,1,0,400.003046,17882.812500,-5.240201,1584630.994115,-1.742178,88.665577,3.501870,126.126,0.275064592000
nettype_rnm,questa,5K_con_autoshunt_nettype_k_min,,2,0,633.968739,17673.715446,-10.134820,0.000000,0.000000,0.000000,0.000000,129.412,0.281020820000
nettype_rnm,questa,5K_con_autoshunt_nettype_k_min,,0,0,503.583578,17804.687500,-7.125000,1257441.000000,-2.625000,70.611500,4.500000,129.412,0.281021904000
nettype_rnm,questa,5K_con_autoshunt_nettype_k_min,,1,0,503.583578,17804.687500,-7.112665,1257668.789234,-2.615152,70.682112,4.502354,129.412,0.281021904000
nettype_rnm,questa,5K_con_autoshunt_nettype_k_min,,2,0,798.114343,17490.972235,-12.662550,0.000000,0.000000,0.000000,0.000000,131.716,0.285752916000
nettype_rnm,questa,5K_con_autoshunt_nettype_k_min,,0,0,633.968739,17687.500000,-9.750000,997619.000000,-3.500000,56.390500,6.250000,131.717,0.285754000000
nettype_rnm,questa,5K_con_autoshunt_nettype_k_min,,1,0,633.968739,17687.500000,-9.734472,997799.736246,-3.487603,56.446891,6.252964,131.717,0.285754000000
nettype_rnm,questa,5K_con_autoshunt_nettype_k_min,,2,0,1004.751539,17212.709711,-15.754800,0.000000,0.000000,0.000000,0.000000,133.461,0.289511780000
nettype_rnm,questa,5K_con_autoshunt_nettype_k_min,,0,0,798.114343,17500.000000,-12.500000,316392.200000,-4.500000,18.072800,8.000000,133.462,0.289512864000
nettype_rnm,questa,5K_con_autoshunt_nettype_k_min,,1,0,798.114343,17500.000000,-12.480453,316449.527331,-4.484393,18.090873,8.003731,133.462,0.289512864000
nettype_rnm,questa,5K_con_autoshunt_nettype_k_min,,2,0,1264.910679,16797.841464,-19.480509,0.000000,0.000000,0.000000,0.000000,136.276,0.295483412000
nettype_rnm,questa,5K_con_autoshunt_nettype_k_min,,0,0,1004.751539,17210.937500,-15.125000,501210.800000,-5.375000,29.111200,9.750000,136.277,0.295484496000
nettype_rnm,questa,5K_con_autoshunt_nettype_k_min,,1,0,1004.751539,17210.937500,-15.098043,501301.633108,-5.355352,29.125756,9.752350,136.277,0.295484496000
nettype_rnm,questa,5K_con_autoshunt_nettype_k_min,,2,0,1592.416083,16198.141643,-23.869137,0.000000,0.000000,0.000000,0.000000,138.508,0.300226836000
nettype_rnm,questa,5K_con_autoshunt_nettype_k_min,,0,0,1264.910679,16812.500000,-18.625000,396337.800000,-7.125000,23.571600,11.500000,138.508,0.300227920000
nettype_rnm,questa,5K_con_autoshunt_nettype_k_min,,1,0,1264.910679,16812.500000,-18.591066,396409.650258,-7.100265,23.583386,11.502958,138.508,0.300227920000
nettype_rnm,questa,5K_con_autoshunt_nettype_k_min,,2,0,2004.759153,15367.550700,-28.877699,0.000000,0.000000,0.000000,0.000000,140.247,0.303994700000
nettype_rnm,questa,5K_con_autoshunt_nettype_k_min,,0,0,1592.416083,16195.312500,-22.875000,312638.000000,-8.875000,19.295600,14.000000,140.248,0.303995784000
nettype_rnm,questa,5K_con_autoshunt_nettype_k_min,,1,0,1592.416083,16195.312500,-22.832284,312694.705465,-8.843860,19.305248,14.003724,140.248,0.303995784000
nettype_rnm,questa,5K_con_autoshunt_nettype_k_min,,2,0,2523.825970,14280.435950,-34.353483,0.000000,0.000000,0.000000,0.000000,141.719,0.306987580000
nettype_rnm,questa,5K_con_autoshunt_nettype_k_min,,0,0,2004.759153,15375.000000,-28.000000,245670.400000,-11.500000,15.978400,16.500000,141.720,0.306988664000
nettype_rnm,questa,5K_con_autoshunt_nettype_k_min,,1,0,2004.759153,15375.000000,-27.946226,245714.994874,-11.460797,15.986389,16.504689,141.720,0.306988664000
nettype_rnm,questa,5K_con_autoshunt_nettype_k_min,,2,0,3177.323379,12952.044929,-40.023777,0.000000,0.000000,0.000000,0.000000,142.882,0.309364932000
nettype_rnm,questa,5K_con_autoshunt_nettype_k_min,,0,0,2523.825970,14281.250000,-33.750000,191939.600000,-14.000000,13.435600,19.750000,142.882,0.309366016000
nettype_rnm,questa,5K_con_autoshunt_nettype_k_min,,1,0,2523.825970,14281.250000,-33.682306,191974.485834,-13.950646,13.442318,19.755903,142.882,0.309366016000
nettype_rnm,questa,5K_con_autoshunt_nettype_k_min,,2,0,4000.001354,11449.163097,-45.522957,0.000000,0.000000,0.000000,0.000000,143.916,0.311253316000
nettype_rnm,questa,5K_con_autoshunt_nettype_k_min,,0,0,3177.323379,12960.937500,-39.500000,148690.200000,-17.375000,11.469600,22.125000,143.917,0.311254400000
nettype_rnm,questa,5K_con_autoshunt_nettype_k_min,,1,0,3177.323379,12960.937500,-39.414782,148717.279519,-17.312867,11.475335,22.132431,143.917,0.311254400000
nettype_rnm,questa,5K_con_autoshunt_nettype_k_min,,2,0,5035.690265,9876.602787,-50.465134,0.000000,0.000000,0.000000,0.000000,144.632,0.312753324000
nettype_rnm,questa,5K_con_autoshunt_nettype_k_min,,0,0,4000.001354,11453.125000,-45.000000,113806.800000,-21.375000,9.936000,23.625000,144.632,0.312754408000
nettype_rnm,questa,5K_con_autoshunt_nettype_k_min,,1,0,4000.001354,11453.125000,-44.892721,113827.592584,-21.296780,9.940968,23.634355,144.632,0.312754408000
nettype_rnm,questa,5K_con_autoshunt_nettype_k_min,,2,0,6339.570973,8345.566362,-54.520306,0.000000,0.000000,0.000000,0.000000,145.210,0.313944820000
nettype_rnm,questa,5K_con_autoshunt_nettype_k_min,,0,0,5035.690265,9875.000000,-50.250000,85709.600000,-25.875000,8.673200,24.375000,145.211,0.313945904000
nettype_rnm,questa,5K_con_autoshunt_nettype_k_min,,1,0,5035.690265,9875.000000,-50.114948,85725.338033,-25.776527,8.677537,24.386778,145.211,0.313945904000
nettype_rnm,questa,5K_con_autoshunt_nettype_k_min,,2,0,7981.056115,6943.381947,-57.457407,0.000000,0.000000,0.000000,0.000000,145.681,0.314891260000
nettype_rnm,questa,5K_con_autoshunt_nettype_k_min,,0,0,6339.570973,8343.750000,-53.625000,63259.600000,-30.000000,7.576000,23.625000,145.682,0.314892344000
nettype_rnm,questa,5K_con_autoshunt_nettype_k_min,,1,0,6339.570973,8343.750000,-53.454983,63271.307964,-29.876029,7.579788,23.639827,145.682,0.314892344000
nettype_rnm,questa,5K_con_autoshunt_nettype_k_min,,2,0,10047.544492,5720.179344,-59.143550,0.000000,0.000000,0.000000,0.000000,146.105,0.315643044000
nettype_rnm,questa,5K_con_autoshunt_nettype_k_min,,0,0,7981.056115,6937.500000,-56.625000,38028.500000,-34.500000,5.473000,22.125000,146.105,0.315644128000
nettype_rnm,questa,5K_con_autoshunt_nettype_k_min,,1,0,7981.056115,6937.500000,-56.410964,38035.626093,-34.343930,5.475737,22.143666,146.105,0.315644128000
nettype_rnm,questa,5K_con_autoshunt_nettype_k_min,,2,0,12649.106793,4692.398341,-59.518416,0.000000,0.000000,0.000000,0.000000,146.476,0.316339740000
nettype_rnm,questa,5K_con_autoshunt_nettype_k_min,,0,0,10047.544492,5723.128437,-58.250000,33511.500000,-38.500000,5.855004,19.750000,146.477,0.316340824000
nettype_rnm,questa,5K_con_autoshunt_nettype_k_min,,1,0,10047.544492,5723.128437,-57.970473,33517.902355,-38.303521,5.856677,19.763431,146.477,0.316340824000
nettype_rnm,questa,5K_con_autoshunt_nettype_k_min,,2,0,15924.277250,3853.824929,-58.570305,0.000000,0.000000,0.000000,0.000000,146.767,0.316893140000
nettype_rnm,questa,5K_con_autoshunt_nettype_k_min,,0,0,12649.106793,4687.429688,-59.125000,23157.500000,-41.750000,4.933324,17.375000,146.768,0.316894224000
nettype_rnm,questa,5K_con_autoshunt_nettype_k_min,,1,0,12649.106793,4687.429688,-58.773103,23162.058602,-41.502649,4.934734,17.391909,146.768,0.316894224000
nettype_rnm,questa,5K_con_autoshunt_nettype_k_min,,2,0,20047.475118,3186.288834,-56.330023,0.000000,0.000000,0.000000,0.000000,147.011,0.317332724000
nettype_rnm,questa,5K_con_autoshunt_nettype_k_min,,0,0,15924.277250,3848.156562,-57.625000,15779.666667,-43.625000,4.093895,14.000000,147.012,0.317333808000
nettype_rnm,questa,5K_con_autoshunt_nettype_k_min,,1,0,15924.277250,3848.156562,-57.181994,15782.918041,-43.313606,4.095065,14.021287,147.012,0.317333808000
nettype_rnm,questa,5K_con_autoshunt_nettype_k_min,,2,0,25238.288799,2667.020409,-52.885858,0.000000,0.000000,0.000000,0.000000,147.190,0.317681900000
nettype_rnm,questa,5K_con_autoshunt_nettype_k_min,,0,0,20047.475118,3178.523750,-55.625000,10685.666667,-44.125000,3.354217,11.500000,147.191,0.317682984000
nettype_rnm,questa,5K_con_autoshunt_nettype_k_min,,1,0,20047.475118,3178.523750,-55.067299,10688.024172,-43.732984,3.355176,11.526798,147.191,0.317682984000
nettype_rnm,questa,5K_con_autoshunt_nettype_k_min,,2,0,31773.117371,2272.613330,-48.410953,0.000000,0.000000,0.000000,0.000000,147.374,0.317959260000
nettype_rnm,questa,5K_con_autoshunt_nettype_k_min,,0,0,25238.288799,2660.674375,-52.000000,7253.166667,-43.125000,2.720707,8.875000,147.375,0.317960344000
nettype_rnm,questa,5K_con_autoshunt_nettype_k_min,,1,0,25238.288799,2660.674375,-51.297911,7254.934423,-42.631491,2.721485,8.908737,147.375,0.317960344000
nettype_rnm,questa,5K_con_autoshunt_nettype_k_min,,2,0,40000.013541,1980.693157,-43.181511,0.000000,0.000000,0.000000,0.000000,147.508,0.318179580000
nettype_rnm,questa,5K_con_autoshunt_nettype_k_min,,0,0,31773.117371,2267.823125,-47.750000,4976.166667,-40.625000,2.191033,7.125000,147.509,0.318180664000
nettype_rnm,questa,5K_con_autoshunt_nettype_k_min,,1,0,31773.117371,2267.823125,-46.866148,4977.561634,-40.003731,2.191659,7.167472,147.509,0.318180664000
nettype_rnm,questa,5K_con_autoshunt_nettype_k_min,,2,0,50357.019063,1770.522017,-37.559927,0.000000,0.000000,0.000000,0.000000,147.627,0.318354580000
nettype_rnm,questa,5K_con_autoshunt_nettype_k_min,,0,0,40000.013541,1973.184687,-42.250000,3474.000000,-36.875000,1.755860,5.375000,147.628,0.318355664000
nettype_rnm,questa,5K_con_autoshunt_nettype_k_min,,1,0,40000.013541,1973.184687,-41.137344,3475.175412,-36.092911,1.756362,5.428470,147.628,0.318355664000
nettype_rnm,questa,5K_con_autoshunt_nettype_k_min,,2,0,63395.738835,1623.360940,-31.933347,0.000000,0.000000,0.000000,0.000000,147.709,0.318493596000
nettype_rnm,questa,5K_con_autoshunt_nettype_k_min,,0,0,50357.019063,1758.902187,-36.125000,2479.333333,-32.625000,1.403521,3.500000,147.710,0.318494680000
nettype_rnm,questa,5K_con_autoshunt_nettype_k_min,,1,0,50357.019063,1758.902187,-34.724340,2480.400152,-31.640494,1.403923,3.567314,147.710,0.318494680000
nettype_rnm,questa,5K_con_autoshunt_nettype_k_min,,2,0,79810.502939,1522.947849,-26.633886,0.000000,0.000000,0.000000,0.000000,147.776,0.318604012000
nettype_rnm,questa,5K_con_autoshunt_nettype_k_min,,0,0,63395.738835,1616.047187,-31.250000,1811.166667,-28.625000,1.118850,2.625000,147.777,0.318605096000
nettype_rnm,questa,5K_con_autoshunt_nettype_k_min,,1,0,63395.738835,1616.047187,-29.486851,1812.209856,-27.385750,1.119171,2.709744,147.777,0.318605096000
nettype_rnm,questa,5K_con_autoshunt_nettype_k_min,,2,0,100475.444924,1455.922983,-21.882960,0.000000,0.000000,0.000000,0.000000,147.830,0.318691724000
nettype_rnm,questa,5K_con_autoshunt_nettype_k_min,,0,0,79810.502939,1499.977500,-25.250000,124.784615,-24.375000,0.082224,0.875000,147.832,0.318692808000
nettype_rnm,questa,5K_con_autoshunt_nettype_k_min,,1,0,79810.502939,1499.977500,-23.030676,124.885295,-22.815216,0.082248,0.981686,147.832,0.318692808000
nettype_rnm,questa,5K_con_autoshunt_nettype_k_min,,2,0,126491.097035,1411.951848,-17.781923,0.000000,0.000000,0.000000,0.000000,148.426,0.319348604000
nettype_rnm,questa,5K_con_autoshunt_nettype_k_min,,0,0,100475.444924,1450.000000,-20.500000,1216.215385,-20.500000,0.837692,0.000000,148.427,0.319349688000
nettype_rnm,questa,5K_con_autoshunt_nettype_k_min,,1,0,100475.444924,1450.000000,-17.619405,1217.641466,-18.537025,0.837776,0.047018,148.427,0.319349688000
nettype_rnm,questa,5K_con_autoshunt_nettype_k_min,,2,0,159242.859809,1383.470679,-14.337845,0.000000,0.000000,0.000000,0.000000,148.834,0.319870388000
nettype_rnm,questa,5K_con_autoshunt_nettype_k_min,,0,0,126491.097035,1406.250000,-17.375000,937.523077,-17.375000,0.666000,0.000000,148.835,0.319871472000
nettype_rnm,questa,5K_con_autoshunt_nettype_k_min,,1,0,126491.097035,1406.250000,-13.749958,939.165453,-14.905108,0.666067,0.059192,148.835,0.319871472000
nettype_rnm,questa,5K_con_autoshunt_nettype_k_min,,2,0,200474.896701,1365.187161,-11.500248,0.000000,0.000000,0.000000,0.000000,149.110,0.320284852000
nettype_rnm,questa,5K_con_autoshunt_nettype_k_min,,0,0,159242.859809,1375.000000,-14.000000,729.938462,-14.875000,0.529231,-0.875000,149.111,0.320285936000
nettype_rnm,questa,5K_con_autoshunt_nettype_k_min,,1,0,159242.859809,1375.000000,-9.439114,731.886678,-11.768274,0.529284,-0.800482,149.111,0.320285936000
nettype_rnm,questa,5K_con_autoshunt_nettype_k_min,,2,0,252382.946201,1353.520993,-9.192250,0.000000,0.000000,0.000000,0.000000,149.326,0.320614076000
nettype_rnm,questa,5K_con_autoshunt_nettype_k_min,,0,0,200474.896701,1356.250000,-10.625000,572.184615,-13.250000,0.420308,-2.625000,149.327,0.320615160000
nettype_rnm,questa,5K_con_autoshunt_nettype_k_min,,1,0,200474.896701,1356.250000,-4.888657,574.542278,-9.344200,0.420350,-2.531187,149.327,0.320615160000
nettype_rnm,questa,5K_con_autoshunt_nettype_k_min,,2,0,317731.290124,1346.106925,-7.330864,0.000000,0.000000,0.000000,0.000000,149.504,0.320875588000
nettype_rnm,questa,5K_con_autoshunt_nettype_k_min,,0,0,252382.946201,1343.750000,-8.000000,450.553846,-11.500000,0.334154,-3.500000,149.507,0.320876672000
nettype_rnm,questa,5K_con_autoshunt_nettype_k_min,,1,0,252382.946201,1343.750000,-0.789199,453.444298,-6.593487,0.334188,-3.381897,149.507,0.320876672000
nettype_rnm,questa,5K_con_autoshunt_nettype_k_min,,2,0,399999.989895,1341.407402,-5.837907,0.000000,0.000000,0.000000,0.000000,149.642,0.321083316000
nettype_rnm,questa,5K_con_autoshunt_nettype_k_min,,0,0,317731.290124,1337.500000,-6.125000,355.800000,-11.500000,0.265385,-5.375000,149.643,0.321084400000
nettype_rnm,questa,5K_con_autoshunt_nettype_k_min,,1,0,317731.290124,1337.500000,2.931461,359.371785,-5.344050,0.265412,-5.226317,149.643,0.321084400000
nettype_rnm,questa,5K_con_autoshunt_nettype_k_min,,2,0,503570.161527,1338.433523,-4.644681,0.000000,0.000000,0.000000,0.000000,149.747,0.321248316000
nettype_rnm,questa,5K_con_autoshunt_nettype_k_min,,0,0,399999.989895,1331.250000,-4.375000,281.446154,-11.500000,0.210769,-7.125000,149.748,0.321249400000
nettype_rnm,questa,5K_con_autoshunt_nettype_k_min,,1,0,399999.989895,1331.250000,6.984256,285.878213,-3.791483,0.210791,-6.937819,149.748,0.321249400000
nettype_rnm,questa,5K_con_autoshunt_nettype_k_min,,2,0,633957.271930,1336.553651,-3.693159,0.000000,0.000000,0.000000,0.000000,149.828,0.321379388000
nettype_rnm,questa,5K_con_autoshunt_nettype_k_min,,0,0,503570.161527,1325.000000,-1.750000,222.800000,-11.500000,0.167385,-9.750000,149.829,0.321380472000
nettype_rnm,questa,5K_con_autoshunt_nettype_k_min,,1,0,503570.161527,1325.000000,12.467943,228.305675,-1.876538,0.167403,-9.514354,149.829,0.321380472000
nettype_rnm,questa,5K_con_autoshunt_nettype_k_min,,2,0,798104.912974,1335.366141,-2.935470,0.000000,0.000000,0.000000,0.000000,149.895,0.321483500000
nettype_rnm,questa,5K_con_autoshunt_nettype_k_min,,0,0,633957.271930,1325.000000,-0.875000,176.400000,-13.250000,0.132923,-12.375000,149.896,0.321484584000
nettype_rnm,questa,5K_con_autoshunt_nettype_k_min,,1,0,633957.271930,1325.000000,16.864427,183.229051,-1.291683,0.132938,-12.078340,149.896,0.321484584000
nettype_rnm,questa,5K_con_autoshunt_nettype_k_min,,2,0,999999.989290,1334.628540,-2.343750,0.000000,0.000000,0.000000,0.000000,149.952,0.321566196000
nettype_rnm,questa,5K_con_autoshunt_nettype_k_min,,0,0,798104.912974,1318.750000,1.625000,139.569231,-14.875000,0.105385,-16.500000,149.953,0.321567280000
nettype_rnm,questa,5K_con_autoshunt_nettype_k_min,,1,0,798104.912974,1318.750000,23.652499,148.001165,-0.119576,0.105397,-16.126530,149.953,0.321567280000
nettype_rnm,questa,5K_con_autoshunt_nettype_k_min,,0,0,999999.989290,1312.500000,3.125000,110.830769,-17.375000,0.084308,-20.500000,149.997,0.321633288000
nettype_rnm,questa,5K_con_autoshunt_nettype_k_min,,1,0,999999.989290,1312.500000,30.172330,121.118104,0.571965,0.084319,-20.032057,149.997,0.321633288000
